Order,Time,Type,Size,Symbol,Price,End Time,End Price
123576130,2024.08.16 11:43:54,sell,1.00,eurusd,1.09840,2024.08.18 17:28:36,1.11699
123731997,2024.08.19 07:07:56,buy,1.00,eurusd,1.10398,2024.08.19 17:28:36,1.11699
123761893,2024.08.19 14:18:36,buy,1.00,eurusd,1.10356,2024.08.27 17:28:36,1.11699
123761894,2024.08.19 14:18:36,sell,1.00,eurusd,1.10356,2024.08.27 17:28:36,1.11699
124333198,2024.08.22 16:48:20,buy,1.00,audusd,0.67189,2024.08.28 04:13:59,0.67879
124480826,2024.08.23 17:01:04,sell,1.00,audusd,0.67462,2024.08.28 04:30:09,0.67892
124486769,2024.08.23 17:10:00,buy,1.00,usdcad,1.35346,2024.08.28 04:30:09,1.34474
124497335,2024.08.23 17:33:48,sell,1.00,gbpusd,1.32047,2024.08.27 15:45:01,1.32078
124501128,2024.08.23 17:45:20,sell,1.00,usdcad,1.35115,2024.08.30 15:30:18,1.34685
124516049,2024.08.23 18:47:56,buy,1.00,gbpusd,1.32026,2024.08.28 15:43:45,1.32072
124529443,2024.08.23 20:16:17,sell,1.00,eurjpy,161.871,2024.08.27 16:30:26,161.083
124530160,2024.08.23 20:23:29,buy,1.00,xauusd,2511.10,2024.08.27 15:55:29,2511.52
124539269,2024.08.23 21:54:56,sell,1.00,xauusd,2511.25,2024.08.27 15:47:11,2508.60
124543096,2024.08.23 23:29:22,buy,1.00,eurjpy,161.482,2024.08.27 15:05:12,161.256
124722576,2024.08.27 15:07:55,buy,1.00,eurjpy,161.227,2024.08.27 15:08:30,161.240
124722657,2024.08.27 15:09:07,buy,1.00,eurjpy,161.211,2024.08.27 15:26:19,161.238
124724308,2024.08.27 15:27:00,buy,1.00,eurjpy,161.209,2024.08.27 15:39:53,161.093
124725691,2024.08.27 15:40:52,buy,1.00,eurjpy,161.124,2024.08.27 17:00:57,161.306
124726157,2024.08.27 15:45:06,sell,1.00,gbpusd,1.32107,2024.08.27 21:35:11,1.32587
124726366,2024.08.27 15:48:27,sell,1.00,xauusd,2508.19,2024.08.27 16:45:01,2510.77
124727157,2024.08.27 15:55:30,buy,1.00,xauusd,2511.03,2024.08.27 16:05:58,2511.47
124728734,2024.08.27 16:06:04,buy,1.00,xauusd,2510.90,2024.08.27 16:06:55,2511.15
124728876,2024.08.27 16:07:03,buy,1.00,xauusd,2510.67,2024.08.27 16:08:26,2510.79
124729070,2024.08.27 16:08:53,buy,1.00,xauusd,2511.20,2024.08.27 16:10:33,2509.67
124729235,2024.08.27 16:10:45,buy,1.00,xauusd,2509.08,2024.08.27 16:14:32,2507.66
124730129,2024.08.27 16:15:40,buy,1.00,xauusd,2507.81,2024.08.27 16:16:49,2508.65
124730306,2024.08.27 16:17:08,buy,1.00,xauusd,2508.07,2024.08.27 16:17:28,2508.42
124730402,2024.08.27 16:18:27,buy,1.00,xauusd,2507.95,2024.08.27 16:18:38,2507.98
124730417,2024.08.27 16:18:43,buy,1.00,xauusd,2507.48,2024.08.27 16:19:01,2507.40
124730468,2024.08.27 16:19:07,buy,1.00,xauusd,2507.06,2024.08.27 16:19:57,2506.91
124730676,2024.08.27 16:20:19,buy,1.00,xauusd,2506.57,2024.08.27 16:20:23,2506.45
124730722,2024.08.27 16:20:32,buy,1.00,xauusd,2505.88,2024.08.27 16:22:39,2507.56
124730989,2024.08.27 16:22:40,buy,1.00,xauusd,2507.10,2024.08.27 16:23:17,2507.19
124731066,2024.08.27 16:23:19,buy,1.00,xauusd,2506.70,2024.08.27 16:24:55,2506.77
124731300,2024.08.27 16:25:36,buy,1.00,xauusd,2506.27,2024.08.27 16:25:50,2506.60
124731310,2024.08.27 16:25:56,buy,1.00,xauusd,2506.13,2024.08.27 16:25:59,2505.94
124731348,2024.08.27 16:26:02,buy,1.00,xauusd,2505.50,2024.08.27 16:26:46,2505.43
124731458,2024.08.27 16:26:57,buy,1.00,xauusd,2504.95,2024.08.27 16:27:02,2504.78
124731525,2024.08.27 16:27:08,buy,1.00,xauusd,2504.05,2024.08.27 16:27:18,2504.63
124731585,2024.08.27 16:27:23,buy,1.00,xauusd,2504.08,2024.08.27 16:28:21,2505.44
124731784,2024.08.27 16:29:04,buy,1.00,xauusd,2505.85,2024.08.27 16:30:02,2506.54
124732211,2024.08.27 16:30:07,buy,1.00,xauusd,2506.06,2024.08.27 16:32:49,2509.10
124732513,2024.08.27 16:31:00,sell,1.00,eurjpy,161.047,2024.08.27 16:46:56,160.945
124733413,2024.08.27 16:33:31,buy,1.00,xauusd,2509.51,2024.08.27 16:35:15,2509.40
124734093,2024.08.27 16:35:24,buy,1.00,xauusd,2509.83,2024.08.27 16:36:53,2512.48
124734652,2024.08.27 16:36:55,buy,1.00,xauusd,2512.00,2024.08.27 16:37:01,2511.44
124734879,2024.08.27 16:37:31,buy,1.00,xauusd,2511.91,2024.08.27 16:37:53,2512.60
124735027,2024.08.27 16:37:54,buy,1.00,xauusd,2512.26,2024.08.27 16:38:00,2511.59
124735136,2024.08.27 16:38:07,buy,1.00,xauusd,2511.17,2024.08.27 16:38:16,2511.20
124735303,2024.08.27 16:38:40,buy,1.00,xauusd,2510.62,2024.08.27 16:40:28,2512.99
124735907,2024.08.27 16:40:29,buy,1.00,xauusd,2512.58,2024.08.27 16:41:41,2512.62
124736514,2024.08.27 16:41:57,buy,1.00,xauusd,2512.17,2024.08.27 16:42:36,2511.96
124736889,2024.08.27 16:42:58,buy,1.00,xauusd,2511.67,2024.08.27 16:43:22,2510.36
124737067,2024.08.27 16:43:29,buy,1.00,xauusd,2509.88,2024.08.27 16:44:07,2510.23
124737471,2024.08.27 16:44:41,buy,1.00,xauusd,2510.65,2024.08.27 16:46:06,2512.19
124737710,2024.08.27 16:45:04,sell,1.00,xauusd,2511.40,2024.08.27 16:53:39,2513.10
124738132,2024.08.27 16:46:35,buy,1.00,xauusd,2512.64,2024.08.27 16:46:49,2513.26
124738235,2024.08.27 16:46:51,buy,1.00,xauusd,2512.82,2024.08.27 16:47:27,2512.77
124738463,2024.08.27 16:47:36,sell,1.00,eurjpy,160.972,2024.08.27 16:48:24,161.006
124738559,2024.08.27 16:47:58,buy,1.00,xauusd,2511.64,2024.08.27 16:48:43,2512.34
124738893,2024.08.27 16:49:06,buy,1.00,xauusd,2511.70,2024.08.27 16:49:25,2511.66
124738909,2024.08.27 16:49:12,sell,1.00,eurjpy,161.027,2024.08.27 17:00:16,161.338
124739043,2024.08.27 16:49:41,buy,1.00,xauusd,2512.06,2024.08.27 16:50:20,2512.69
124739327,2024.08.27 16:50:34,buy,1.00,xauusd,2512.21,2024.08.27 16:54:17,2513.71
124740134,2024.08.27 16:53:39,sell,1.00,xauusd,2513.46,2024.08.27 16:55:41,2513.81
124740851,2024.08.27 16:55:37,buy,1.00,xauusd,2513.66,2024.08.27 17:01:17,2508.81
124740920,2024.08.27 16:55:42,sell,1.00,xauusd,2514.47,2024.08.27 17:00:53,2509.76
124742591,2024.08.27 17:00:17,sell,1.00,eurjpy,161.302,2024.08.27 20:54:56,161.097
124742913,2024.08.27 17:00:55,sell,1.00,xauusd,2510.51,2024.08.27 17:04:24,2510.55
124742950,2024.08.27 17:00:59,buy,1.00,eurjpy,161.276,2024.08.27 17:01:19,161.272
124743162,2024.08.27 17:01:19,buy,1.00,xauusd,2508.39,2024.08.27 17:02:50,2511.05
124743226,2024.08.27 17:01:25,buy,1.00,eurjpy,161.243,2024.08.27 17:04:04,161.260
124743775,2024.08.27 17:02:51,buy,1.00,xauusd,2509.96,2024.08.27 17:05:28,2512.13
124744243,2024.08.27 17:04:24,sell,1.00,xauusd,2510.95,2024.08.27 17:04:44,2511.95
124744343,2024.08.27 17:04:38,buy,1.00,eurjpy,161.231,2024.08.27 17:05:10,161.213
124744478,2024.08.27 17:04:53,sell,1.00,xauusd,2512.93,2024.08.27 17:10:19,2512.57
124745106,2024.08.27 17:07:09,buy,1.00,xauusd,2512.62,2024.08.27 17:07:39,2512.03
124745365,2024.08.27 17:07:52,buy,1.00,xauusd,2510.90,2024.08.27 17:19:45,2517.66
124745667,2024.08.27 17:08:48,buy,1.00,eurjpy,161.191,2024.08.27 17:20:09,161.176
124746240,2024.08.27 17:10:31,sell,1.00,xauusd,2513.06,2024.08.27 17:12:37,2513.82
124746956,2024.08.27 17:12:39,sell,1.00,xauusd,2514.95,2024.08.27 17:13:16,2516.14
124747310,2024.08.27 17:13:17,sell,1.00,xauusd,2516.76,2024.08.27 17:13:23,2516.73
124747394,2024.08.27 17:13:26,sell,1.00,xauusd,2517.31,2024.08.27 17:14:57,2515.28
124748200,2024.08.27 17:15:02,sell,1.00,xauusd,2515.83,2024.08.27 18:23:11,2519.06
124749797,2024.08.27 17:19:47,buy,1.00,xauusd,2517.20,2024.08.27 17:20:14,2517.23
124750029,2024.08.27 17:20:17,buy,1.00,xauusd,2516.52,2024.08.27 17:30:14,2516.07
124750052,2024.08.27 17:20:21,buy,1.00,eurjpy,161.155,2024.08.27 17:36:25,161.329
124753249,2024.08.27 17:30:15,buy,1.00,xauusd,2515.57,2024.08.27 17:41:23,2516.27
124753598,2024.08.27 17:31:27,buy,1.00,eurusd,1.11690,2024.08.29 11:04:44,1.10984
124753599,2024.08.27 17:31:27,sell,1.00,eurusd,1.11690,2024.08.30 16:10:41,1.10550
124755316,2024.08.27 17:36:27,buy,1.00,eurjpy,161.300,2024.08.27 18:20:58,161.101
124756831,2024.08.27 17:41:36,buy,1.00,xauusd,2515.45,2024.08.27 17:48:16,2516.79
124758569,2024.08.27 17:48:17,buy,1.00,xauusd,2516.25,2024.08.27 17:57:58,2515.52
124761010,2024.08.27 17:58:00,buy,1.00,xauusd,2515.06,2024.08.27 17:59:36,2514.94
124761372,2024.08.27 17:59:37,buy,1.00,xauusd,2514.52,2024.08.27 18:00:21,2513.96
124762359,2024.08.27 18:02:17,buy,1.00,xauusd,2514.37,2024.08.27 18:03:36,2515.51
124762687,2024.08.27 18:03:47,buy,1.00,xauusd,2515.02,2024.08.27 18:05:21,2516.55
124763070,2024.08.27 18:05:25,buy,1.00,xauusd,2515.92,2024.08.27 18:25:22,2515.76
124766304,2024.08.27 18:21:09,buy,1.00,eurjpy,161.071,2024.08.27 21:30:42,161.071
124766799,2024.08.27 18:23:11,sell,1.00,xauusd,2519.65,2024.08.27 21:17:29,2521.02
124767316,2024.08.27 18:25:25,buy,1.00,xauusd,2515.23,2024.08.27 18:25:41,2518.43
124767437,2024.08.27 18:25:42,buy,1.00,xauusd,2517.96,2024.08.27 18:27:16,2517.91
124767714,2024.08.27 18:27:17,buy,1.00,xauusd,2517.52,2024.08.27 18:27:50,2517.43
124767830,2024.08.27 18:27:50,buy,1.00,xauusd,2516.96,2024.08.27 18:29:43,2516.30
124768316,2024.08.27 18:30:25,buy,1.00,xauusd,2515.80,2024.08.27 18:37:31,2515.69
124769694,2024.08.27 18:37:43,buy,1.00,xauusd,2515.19,2024.08.27 18:39:09,2514.67
124769983,2024.08.27 18:39:10,buy,1.00,xauusd,2514.17,2024.08.27 18:42:00,2512.69
124770765,2024.08.27 18:42:13,buy,1.00,xauusd,2512.23,2024.08.27 18:48:36,2512.99
124772372,2024.08.27 18:50:11,buy,1.00,xauusd,2513.02,2024.08.27 18:54:29,2512.90
124772986,2024.08.27 18:54:31,buy,1.00,xauusd,2512.40,2024.08.27 19:06:45,2510.92
124775134,2024.08.27 19:06:55,buy,1.00,xauusd,2510.37,2024.08.27 20:24:34,2517.67
124788102,2024.08.27 20:25:59,buy,1.00,xauusd,2517.86,2024.08.27 20:32:59,2519.06
124789362,2024.08.27 20:33:01,buy,1.00,xauusd,2518.15,2024.08.27 20:42:48,2521.39
124790618,2024.08.27 20:42:50,buy,1.00,xauusd,2520.78,2024.08.27 20:44:51,2520.32
124790788,2024.08.27 20:44:52,buy,1.00,xauusd,2519.83,2024.08.27 21:09:31,2521.35
124792044,2024.08.27 20:57:24,sell,1.00,eurjpy,161.126,2024.08.28 01:16:40,160.771
124793394,2024.08.27 21:10:11,buy,1.00,xauusd,2520.48,2024.08.27 21:34:37,2524.84
124794409,2024.08.27 21:18:51,sell,1.00,xauusd,2521.72,2024.08.27 21:27:35,2523.13
124795304,2024.08.27 21:27:38,sell,1.00,xauusd,2524.21,2024.08.27 21:30:36,2523.65
124795755,2024.08.27 21:30:42,buy,1.00,eurjpy,161.042,2024.08.28 01:22:46,160.743
124795762,2024.08.27 21:30:44,sell,1.00,xauusd,2524.27,2024.08.27 21:53:02,2525.43
124796090,2024.08.27 21:34:38,buy,1.00,xauusd,2523.92,2024.08.27 21:56:30,2525.88
124796349,2024.08.27 21:38:05,sell,1.00,gbpusd,1.32573,2024.08.27 21:47:57,1.32623
124797968,2024.08.27 21:54:23,sell,1.00,xauusd,2525.91,2024.08.27 22:07:03,2524.76
124797973,2024.08.27 21:54:25,sell,1.00,gbpusd,1.32593,2024.08.28 04:30:09,1.32535
124798205,2024.08.27 21:56:32,buy,1.00,xauusd,2525.40,2024.08.28 04:00:57,2524.68
124799640,2024.08.27 22:08:09,sell,1.00,xauusd,2524.31,2024.08.28 02:07:08,2527.63
124805214,2024.08.28 01:16:42,sell,1.00,eurjpy,160.796,2024.08.28 01:31:24,160.723
124805404,2024.08.28 01:23:11,buy,1.00,eurjpy,160.756,2024.08.28 01:25:30,160.791
124805516,2024.08.28 01:28:38,buy,1.00,eurjpy,160.734,2024.08.28 01:29:07,160.772
124805656,2024.08.28 01:30:38,buy,1.00,eurjpy,160.747,2024.08.28 01:39:53,160.832
124805726,2024.08.28 01:32:17,sell,1.00,eurjpy,160.746,2024.08.28 01:36:29,160.803
124805851,2024.08.28 01:38:00,sell,1.00,eurjpy,160.832,2024.08.28 02:17:16,160.830
124805887,2024.08.28 01:40:11,buy,1.00,eurjpy,160.807,2024.08.28 01:44:53,160.820
124806089,2024.08.28 01:46:15,buy,1.00,eurjpy,160.851,2024.08.28 02:01:27,160.889
124806541,2024.08.28 02:02:04,buy,1.00,eurjpy,160.857,2024.08.28 02:02:53,160.832
124806729,2024.08.28 02:05:08,buy,1.00,eurjpy,160.805,2024.08.28 02:24:04,160.807
124806825,2024.08.28 02:07:09,sell,1.00,xauusd,2528.43,2024.08.28 04:07:02,2520.61
124807459,2024.08.28 02:22:53,sell,1.00,eurjpy,160.800,2024.08.28 02:42:28,160.790
124807764,2024.08.28 02:31:11,buy,1.00,eurjpy,160.753,2024.08.28 02:34:47,160.854
124808056,2024.08.28 02:40:27,buy,1.00,eurjpy,160.817,2024.08.28 02:52:07,160.855
124808153,2024.08.28 02:43:03,sell,1.00,eurjpy,160.819,2024.08.28 03:00:16,160.939
124808635,2024.08.28 02:53:20,buy,1.00,eurjpy,160.898,2024.08.28 03:23:51,161.115
124808987,2024.08.28 03:00:17,sell,1.00,eurjpy,160.959,2024.08.28 03:08:35,160.962
124809331,2024.08.28 03:08:58,sell,1.00,eurjpy,160.992,2024.08.28 03:10:29,160.998
124809488,2024.08.28 03:12:05,sell,1.00,eurjpy,161.050,2024.08.28 03:12:20,161.050
124809501,2024.08.28 03:12:28,sell,1.00,eurjpy,161.040,2024.08.28 03:18:30,161.050
124809898,2024.08.28 03:21:46,sell,1.00,eurjpy,161.078,2024.08.28 03:37:43,161.092
124810034,2024.08.28 03:24:22,buy,1.00,eurjpy,161.063,2024.08.28 03:30:52,161.107
124810419,2024.08.28 03:30:55,buy,1.00,eurjpy,161.077,2024.08.28 03:35:21,161.116
124810551,2024.08.28 03:35:28,buy,1.00,eurjpy,161.087,2024.08.28 03:39:29,161.173
124810713,2024.08.28 03:38:33,sell,1.00,eurjpy,161.111,2024.08.28 03:45:38,161.170
124810886,2024.08.28 03:42:07,buy,1.00,eurjpy,161.139,2024.08.28 03:51:28,161.247
124811295,2024.08.28 03:50:00,sell,1.00,eurjpy,161.200,2024.08.28 03:50:23,161.211
124811382,2024.08.28 03:51:10,sell,1.00,eurjpy,161.239,2024.08.28 03:54:08,161.214
124811395,2024.08.28 03:52:15,buy,1.00,eurjpy,161.221,2024.08.28 03:55:03,161.206
124811596,2024.08.28 03:54:31,sell,1.00,eurjpy,161.183,2024.08.28 04:02:10,161.102
124811753,2024.08.28 03:57:11,buy,1.00,eurjpy,161.175,2024.08.28 04:00:57,161.139
124812026,2024.08.28 04:01:56,buy,1.00,xauusd,2523.81,2024.08.28 04:01:57,2523.97
124812054,2024.08.28 04:02:10,buy,1.00,eurjpy,161.104,2024.08.28 04:07:00,161.161
124812139,2024.08.28 04:02:44,buy,1.00,xauusd,2523.08,2024.08.28 04:05:10,2521.90
124812176,2024.08.28 04:02:58,sell,1.00,eurjpy,161.129,2024.08.28 04:15:39,161.149
124812383,2024.08.28 04:07:00,buy,1.00,xauusd,2521.21,2024.08.28 04:13:59,2522.06
124812442,2024.08.28 04:07:03,sell,1.00,xauusd,2519.91,2024.08.28 04:13:59,2522.16
124812476,2024.08.28 04:07:06,buy,1.00,eurjpy,161.136,2024.08.28 04:32:07,161.233
124812669,2024.08.28 04:15:31,sell,1.00,xauusd,2521.15,2024.08.28 04:16:05,2520.76
124812688,2024.08.28 04:15:31,buy,1.00,xauusd,2520.98,2024.08.28 04:51:12,2518.48
124812835,2024.08.28 04:16:12,sell,1.00,xauusd,2521.26,2024.08.28 04:16:17,2521.25
124812863,2024.08.28 04:18:13,sell,1.00,eurjpy,161.174,2024.08.28 04:19:49,161.167
124812875,2024.08.28 04:18:14,sell,1.00,xauusd,2521.78,2024.08.28 04:36:19,2521.00
124813008,2024.08.28 04:19:56,sell,1.00,eurjpy,161.197,2024.08.28 04:34:01,161.083
124813263,2024.08.28 04:25:16,buy,1.00,audusd,0.67859,2024.08.30 04:30:00,0.67980
124813840,2024.08.28 04:30:17,sell,1.00,audusd,0.67973,2024.08.28 04:41:39,0.68066
124814203,2024.08.28 04:32:19,buy,1.00,eurjpy,161.199,2024.08.28 04:32:20,161.200
124814208,2024.08.28 04:32:26,buy,1.00,eurjpy,161.175,2024.08.28 04:35:06,161.100
124814361,2024.08.28 04:34:12,sell,1.00,eurjpy,161.113,2024.08.28 04:36:21,161.138
124814483,2024.08.28 04:36:20,buy,1.00,eurjpy,161.134,2024.08.28 04:41:02,161.097
124814538,2024.08.28 04:37:03,sell,1.00,xauusd,2520.58,2024.08.28 04:38:43,2519.56
124814559,2024.08.28 04:37:20,sell,1.00,eurjpy,161.103,2024.08.28 04:45:00,161.118
124814683,2024.08.28 04:38:44,sell,1.00,xauusd,2519.94,2024.08.28 08:19:42,2508.72
124814835,2024.08.28 04:40:10,sell,1.00,gbpusd,1.32535,2024.08.28 19:09:44,1.31839
124814838,2024.08.28 04:40:10,buy,1.00,usdcad,1.34470,2024.08.30 16:08:54,1.35078
124815019,2024.08.28 04:42:03,sell,1.00,audusd,0.68091,2024.08.29 15:30:09,0.68162
124815231,2024.08.28 04:44:29,buy,1.00,eurjpy,161.127,2024.08.28 04:46:50,161.187
124815539,2024.08.28 04:45:53,sell,1.00,eurjpy,161.147,2024.08.28 04:54:03,161.269
124815801,2024.08.28 04:48:28,buy,1.00,eurjpy,161.217,2024.08.28 05:30:21,161.295
124816129,2024.08.28 04:51:19,buy,1.00,xauusd,2517.99,2024.08.28 05:01:34,2517.83
124816535,2024.08.28 04:54:06,sell,1.00,eurjpy,161.299,2024.08.28 04:57:22,161.275
124816883,2024.08.28 04:59:52,sell,1.00,eurjpy,161.305,2024.08.28 05:00:40,161.308
124817235,2024.08.28 05:01:35,buy,1.00,xauusd,2517.28,2024.08.28 05:36:02,2514.85
124817511,2024.08.28 05:06:01,sell,1.00,eurjpy,161.274,2024.08.28 05:16:27,161.339
124818184,2024.08.28 05:16:28,sell,1.00,eurjpy,161.369,2024.08.28 05:38:07,161.260
124819131,2024.08.28 05:33:07,buy,1.00,eurjpy,161.265,2024.08.28 05:44:25,161.278
124819424,2024.08.28 05:36:25,buy,1.00,xauusd,2513.76,2024.08.28 05:51:04,2517.29
124819654,2024.08.28 05:40:14,sell,1.00,eurjpy,161.289,2024.08.28 05:50:04,161.226
124819869,2024.08.28 05:44:39,buy,1.00,eurjpy,161.248,2024.08.28 05:45:55,161.292
124820140,2024.08.28 05:47:34,buy,1.00,eurjpy,161.262,2024.08.28 06:19:30,161.210
124820299,2024.08.28 05:50:32,sell,1.00,eurjpy,161.256,2024.08.28 05:58:42,161.240
124820332,2024.08.28 05:51:24,buy,1.00,xauusd,2516.96,2024.08.28 07:36:13,2512.73
124820682,2024.08.28 05:58:58,sell,1.00,eurjpy,161.297,2024.08.28 06:01:51,161.322
124821231,2024.08.28 06:05:12,sell,1.00,eurjpy,161.307,2024.08.28 06:16:39,161.222
124821866,2024.08.28 06:18:39,sell,1.00,eurjpy,161.202,2024.08.28 06:32:24,161.154
124822218,2024.08.28 06:26:35,buy,1.00,eurjpy,161.173,2024.08.28 06:26:56,161.175
124822306,2024.08.28 06:29:58,buy,1.00,eurjpy,161.208,2024.08.28 06:53:31,161.243
124822516,2024.08.28 06:32:51,sell,1.00,eurjpy,161.182,2024.08.28 08:08:10,161.001
124823711,2024.08.28 07:00:35,buy,1.00,eurjpy,161.275,2024.08.28 07:13:00,161.323
124824492,2024.08.28 07:21:18,buy,1.00,eurjpy,161.294,2024.08.28 08:02:26,161.101
124825196,2024.08.28 07:36:31,buy,1.00,xauusd,2513.05,2024.08.28 08:00:56,2511.69
124826508,2024.08.28 08:01:51,buy,1.00,xauusd,2511.06,2024.08.28 08:08:05,2509.64
124826620,2024.08.28 08:05:17,buy,1.00,eurjpy,161.073,2024.08.28 08:18:08,160.999
124826965,2024.08.28 08:08:09,buy,1.00,xauusd,2508.96,2024.08.28 08:10:51,2509.38
124827118,2024.08.28 08:10:12,sell,1.00,eurjpy,160.971,2024.08.28 08:11:54,160.987
124827160,2024.08.28 08:10:56,buy,1.00,xauusd,2508.88,2024.08.28 08:30:04,2508.85
124827443,2024.08.28 08:15:02,sell,1.00,eurjpy,161.021,2024.08.28 08:18:44,160.919
124827631,2024.08.28 08:18:24,buy,1.00,eurjpy,160.971,2024.08.28 08:29:27,161.085
124827775,2024.08.28 08:19:37,sell,1.00,eurjpy,160.966,2024.08.28 08:20:03,160.983
124827782,2024.08.28 08:19:43,sell,1.00,xauusd,2509.20,2024.08.28 10:35:26,2509.61
124827948,2024.08.28 08:21:33,sell,1.00,eurjpy,160.951,2024.08.28 08:32:14,160.996
124828287,2024.08.28 08:29:32,buy,1.00,eurjpy,161.066,2024.08.28 08:42:14,161.001
124828579,2024.08.28 08:30:10,buy,1.00,xauusd,2508.39,2024.08.28 09:03:04,2504.28
124828971,2024.08.28 08:34:25,sell,1.00,eurjpy,160.963,2024.08.28 08:39:26,160.985
124829385,2024.08.28 08:41:59,sell,1.00,eurjpy,161.015,2024.08.28 08:45:01,160.961
124829432,2024.08.28 08:43:03,buy,1.00,eurjpy,160.971,2024.08.28 10:04:21,161.156
124829795,2024.08.28 08:45:51,sell,1.00,eurjpy,160.988,2024.08.28 08:54:35,160.897
124830255,2024.08.28 08:56:34,sell,1.00,eurjpy,160.939,2024.08.28 09:05:09,160.972
124831019,2024.08.28 09:03:05,buy,1.00,xauusd,2503.56,2024.08.28 09:28:34,2507.87
124831402,2024.08.28 09:09:23,sell,1.00,eurjpy,160.942,2024.08.28 09:11:05,160.986
124831511,2024.08.28 09:12:18,sell,1.00,eurjpy,161.016,2024.08.28 14:12:13,160.694
124832351,2024.08.28 09:28:34,buy,1.00,xauusd,2507.49,2024.08.28 10:01:19,2509.42
124834623,2024.08.28 10:02:09,buy,1.00,xauusd,2509.88,2024.08.28 10:07:43,2510.32
124834865,2024.08.28 10:05:32,buy,1.00,eurjpy,161.187,2024.08.28 10:18:19,161.077
124834951,2024.08.28 10:07:48,buy,1.00,xauusd,2509.96,2024.08.28 11:11:26,2506.96
124835684,2024.08.28 10:18:54,buy,1.00,eurjpy,161.047,2024.08.28 20:19:49,160.854
124836793,2024.08.28 10:37:08,sell,1.00,xauusd,2510.11,2024.08.28 12:08:19,2509.03
124839292,2024.08.28 11:11:50,buy,1.00,xauusd,2506.47,2024.08.28 13:39:56,2505.56
124842413,2024.08.28 12:09:13,sell,1.00,xauusd,2509.56,2024.08.28 12:27:35,2509.42
124843375,2024.08.28 12:27:50,sell,1.00,xauusd,2509.94,2024.08.28 14:53:11,2503.44
124848095,2024.08.28 13:40:00,buy,1.00,xauusd,2505.11,2024.08.28 15:11:18,2499.83
124850582,2024.08.28 14:18:14,sell,1.00,eurjpy,160.663,2024.08.28 15:18:46,160.640
124852547,2024.08.28 14:53:49,sell,1.00,xauusd,2503.03,2024.08.28 15:20:20,2499.28
124854587,2024.08.28 15:11:22,buy,1.00,xauusd,2498.32,2024.08.28 15:23:46,2498.28
124855328,2024.08.28 15:19:10,sell,1.00,eurjpy,160.667,2024.08.28 16:06:07,161.048
124855499,2024.08.28 15:20:46,sell,1.00,xauusd,2498.88,2024.08.28 16:11:38,2504.62
124855741,2024.08.28 15:24:00,buy,1.00,xauusd,2498.71,2024.08.28 16:30:03,2510.31
124857866,2024.08.28 15:44:19,buy,1.00,gbpusd,1.32042,2024.08.28 16:07:34,1.32099
124860045,2024.08.28 16:06:08,sell,1.00,eurjpy,161.077,2024.08.28 16:06:50,161.062
124860147,2024.08.28 16:07:26,sell,1.00,eurjpy,161.092,2024.08.28 16:24:07,161.056
124860172,2024.08.28 16:07:44,buy,1.00,gbpusd,1.32071,2024.08.28 19:07:25,1.31870
124860602,2024.08.28 16:11:39,sell,1.00,xauusd,2506.22,2024.08.28 16:25:13,2504.45
124862140,2024.08.28 16:25:13,sell,1.00,xauusd,2504.94,2024.08.28 16:29:18,2506.50
124862178,2024.08.28 16:25:23,sell,1.00,eurjpy,161.088,2024.08.28 17:25:23,160.890
124862681,2024.08.28 16:29:35,sell,1.00,xauusd,2508.26,2024.08.28 16:29:49,2508.92
124862751,2024.08.28 16:29:49,sell,1.00,xauusd,2510.08,2024.08.28 16:32:09,2507.34
124863089,2024.08.28 16:30:04,buy,1.00,xauusd,2509.71,2024.08.28 16:30:10,2509.03
124863150,2024.08.28 16:30:11,buy,1.00,xauusd,2508.62,2024.08.28 16:40:53,2500.89
124864079,2024.08.28 16:32:54,sell,1.00,xauusd,2506.90,2024.08.28 16:35:29,2504.48
124865648,2024.08.28 16:36:00,sell,1.00,xauusd,2504.02,2024.08.28 16:42:54,2500.91
124867769,2024.08.28 16:40:54,buy,1.00,xauusd,2499.90,2024.08.28 16:53:08,2504.38
124868626,2024.08.28 16:43:17,sell,1.00,xauusd,2501.40,2024.08.28 16:55:13,2504.10
124871623,2024.08.28 16:53:09,buy,1.00,xauusd,2503.90,2024.08.28 17:01:05,2506.20
124872286,2024.08.28 16:55:17,sell,1.00,xauusd,2503.82,2024.08.28 17:02:05,2504.89
124874015,2024.08.28 17:01:09,buy,1.00,xauusd,2505.05,2024.08.28 17:34:42,2508.12
124874339,2024.08.28 17:02:32,sell,1.00,xauusd,2505.40,2024.08.28 17:03:21,2505.72
124874559,2024.08.28 17:03:25,sell,1.00,xauusd,2506.21,2024.08.28 17:05:04,2504.98
124874957,2024.08.28 17:05:08,sell,1.00,xauusd,2505.36,2024.08.28 18:36:08,2507.87
124880720,2024.08.28 17:25:48,sell,1.00,eurjpy,160.920,2024.08.28 17:25:58,160.913
124881143,2024.08.28 17:27:21,sell,1.00,eurjpy,160.882,2024.08.28 17:28:13,160.892
124881556,2024.08.28 17:28:30,sell,1.00,eurjpy,160.920,2024.08.28 17:28:53,160.920
124882738,2024.08.28 17:31:21,sell,1.00,eurjpy,160.887,2024.08.28 17:53:45,160.851
124883888,2024.08.28 17:34:57,buy,1.00,xauusd,2508.60,2024.08.28 17:44:01,2505.75
124886744,2024.08.28 17:44:23,buy,1.00,xauusd,2505.25,2024.08.28 17:45:48,2505.12
124887956,2024.08.28 17:47:37,buy,1.00,xauusd,2505.52,2024.08.28 17:53:45,2506.27
124890132,2024.08.28 17:53:55,buy,1.00,xauusd,2506.64,2024.08.28 18:00:00,2507.87
124890461,2024.08.28 17:55:00,sell,1.00,eurjpy,160.889,2024.08.28 18:03:51,160.739
124892215,2024.08.28 18:00:20,buy,1.00,xauusd,2507.37,2024.08.28 18:10:13,2507.10
124893366,2024.08.28 18:04:03,sell,1.00,eurjpy,160.760,2024.08.28 23:24:52,160.550
124894812,2024.08.28 18:10:32,buy,1.00,xauusd,2506.66,2024.08.28 18:20:00,2508.22
124897274,2024.08.28 18:20:16,buy,1.00,xauusd,2507.75,2024.08.28 18:25:19,2507.22
124898348,2024.08.28 18:25:23,buy,1.00,xauusd,2506.86,2024.08.28 18:41:50,2508.42
124901413,2024.08.28 18:36:17,sell,1.00,xauusd,2508.48,2024.08.28 18:58:43,2506.34
124902586,2024.08.28 18:42:11,buy,1.00,xauusd,2508.83,2024.08.28 19:21:02,2500.78
124905814,2024.08.28 18:59:18,sell,1.00,xauusd,2505.88,2024.08.28 19:20:27,2501.12
124907530,2024.08.28 19:08:39,buy,1.00,gbpusd,1.31840,2024.08.28 20:46:54,1.31801
124908953,2024.08.28 19:15:35,sell,1.00,gbpusd,1.31812,2024.08.29 09:07:46,1.32228
124910029,2024.08.28 19:20:47,sell,1.00,xauusd,2501.62,2024.08.28 19:40:12,2503.29
124910137,2024.08.28 19:21:06,buy,1.00,xauusd,2499.76,2024.08.28 19:23:59,2498.57
124910800,2024.08.28 19:24:02,buy,1.00,xauusd,2498.14,2024.08.28 19:25:00,2497.52
124911074,2024.08.28 19:25:01,buy,1.00,xauusd,2497.03,2024.08.28 19:49:45,2502.79
124913837,2024.08.28 19:40:13,sell,1.00,xauusd,2503.74,2024.08.28 20:03:08,2501.19
124915283,2024.08.28 19:50:38,buy,1.00,xauusd,2502.32,2024.08.28 20:12:55,2503.15
124917508,2024.08.28 20:03:10,sell,1.00,xauusd,2501.65,2024.08.28 23:38:52,2503.19
124918362,2024.08.28 20:13:50,buy,1.00,xauusd,2502.00,2024.08.28 22:12:26,2507.90
124919000,2024.08.28 20:20:35,buy,1.00,eurjpy,160.825,2024.08.28 23:24:48,160.604
124921746,2024.08.28 20:49:19,buy,1.00,gbpusd,1.31771,2024.08.29 10:48:02,1.32229
124930407,2024.08.28 22:12:48,buy,1.00,xauusd,2507.40,2024.08.29 04:13:04,2513.72
124935293,2024.08.28 23:24:52,buy,1.00,eurjpy,160.550,2024.08.28 23:25:09,160.610
124935320,2024.08.28 23:24:58,sell,1.00,eurjpy,160.573,2024.08.29 01:02:17,160.623
124935408,2024.08.28 23:25:10,buy,1.00,eurjpy,160.567,2024.08.28 23:39:18,160.825
124936552,2024.08.28 23:39:08,sell,1.00,xauusd,2503.98,2024.08.29 03:16:27,2511.43
124936648,2024.08.28 23:40:19,buy,1.00,eurjpy,160.855,2024.08.29 01:00:34,160.642
124937782,2024.08.29 01:00:39,buy,1.00,eurjpy,160.619,2024.08.29 01:09:20,160.514
124938220,2024.08.29 01:06:50,sell,1.00,eurjpy,160.589,2024.08.29 01:14:20,160.550
124938635,2024.08.29 01:11:56,buy,1.00,eurjpy,160.547,2024.08.29 01:18:22,160.616
124938808,2024.08.29 01:15:01,sell,1.00,eurjpy,160.612,2024.08.29 01:30:14,160.545
124939197,2024.08.29 01:21:32,buy,1.00,eurjpy,160.555,2024.08.29 01:21:45,160.560
124939214,2024.08.29 01:21:52,buy,1.00,eurjpy,160.531,2024.08.29 01:23:41,160.552
124939533,2024.08.29 01:27:26,buy,1.00,eurjpy,160.524,2024.08.29 01:33:59,160.636
124939862,2024.08.29 01:30:32,sell,1.00,eurjpy,160.631,2024.08.29 01:37:35,160.592
124940175,2024.08.29 01:34:59,buy,1.00,eurjpy,160.604,2024.08.29 01:36:00,160.617
124940302,2024.08.29 01:36:30,buy,1.00,eurjpy,160.588,2024.08.29 01:36:44,160.602
124940320,2024.08.29 01:36:48,buy,1.00,eurjpy,160.574,2024.08.29 01:40:58,160.609
124940484,2024.08.29 01:40:03,sell,1.00,eurjpy,160.618,2024.08.29 01:45:37,160.566
124940571,2024.08.29 01:41:03,buy,1.00,eurjpy,160.549,2024.08.29 01:42:08,160.560
124940694,2024.08.29 01:42:31,buy,1.00,eurjpy,160.595,2024.08.29 01:47:35,160.591
124940987,2024.08.29 01:46:07,sell,1.00,eurjpy,160.529,2024.08.29 02:10:01,160.473
124941137,2024.08.29 01:48:23,buy,1.00,eurjpy,160.548,2024.08.29 01:49:07,160.538
124941299,2024.08.29 01:51:14,buy,1.00,eurjpy,160.513,2024.08.29 01:53:24,160.535
124941882,2024.08.29 02:00:12,buy,1.00,eurjpy,160.501,2024.08.29 02:00:49,160.529
124941917,2024.08.29 02:00:50,buy,1.00,eurjpy,160.502,2024.08.29 02:05:29,160.507
124942269,2024.08.29 02:07:05,buy,1.00,eurjpy,160.477,2024.08.29 02:25:33,160.543
124942477,2024.08.29 02:11:54,sell,1.00,eurjpy,160.503,2024.08.29 02:29:35,160.545
124943131,2024.08.29 02:26:04,buy,1.00,eurjpy,160.507,2024.08.29 02:38:54,160.569
124943454,2024.08.29 02:31:28,sell,1.00,eurjpy,160.623,2024.08.29 02:34:52,160.575
124943628,2024.08.29 02:35:48,sell,1.00,eurjpy,160.541,2024.08.29 02:35:58,160.545
124943662,2024.08.29 02:36:27,sell,1.00,eurjpy,160.575,2024.08.29 02:50:43,160.604
124943771,2024.08.29 02:39:21,buy,1.00,eurjpy,160.539,2024.08.29 03:00:28,160.703
124944293,2024.08.29 02:51:14,sell,1.00,eurjpy,160.632,2024.08.29 03:16:23,160.780
124944817,2024.08.29 03:00:29,buy,1.00,eurjpy,160.665,2024.08.29 03:02:15,160.593
124945080,2024.08.29 03:03:34,buy,1.00,eurjpy,160.555,2024.08.29 03:04:14,160.570
124945235,2024.08.29 03:05:03,buy,1.00,eurjpy,160.540,2024.08.29 03:06:37,160.638
124945476,2024.08.29 03:08:30,buy,1.00,eurjpy,160.668,2024.08.29 03:09:44,160.591
124945603,2024.08.29 03:10:00,buy,1.00,eurjpy,160.623,2024.08.29 03:10:30,160.647
124945729,2024.08.29 03:11:36,buy,1.00,eurjpy,160.677,2024.08.29 03:39:49,160.893
124946489,2024.08.29 03:16:30,sell,1.00,xauusd,2513.38,2024.08.29 03:16:44,2514.12
124946532,2024.08.29 03:16:36,sell,1.00,eurjpy,160.750,2024.08.29 03:17:24,160.761
124946551,2024.08.29 03:16:44,sell,1.00,xauusd,2514.86,2024.08.29 03:22:49,2514.80
124946750,2024.08.29 03:17:48,sell,1.00,eurjpy,160.802,2024.08.29 03:20:19,160.848
124946998,2024.08.29 03:20:26,sell,1.00,eurjpy,160.817,2024.08.29 03:21:29,160.821
124947307,2024.08.29 03:23:24,sell,1.00,eurjpy,160.851,2024.08.29 03:52:17,160.874
124947358,2024.08.29 03:23:55,sell,1.00,xauusd,2514.36,2024.08.29 04:06:31,2513.83
124948944,2024.08.29 03:40:52,buy,1.00,eurjpy,160.880,2024.08.29 03:54:58,160.783
124949836,2024.08.29 03:52:52,sell,1.00,eurjpy,160.842,2024.08.29 04:31:33,160.820
124949957,2024.08.29 03:54:59,buy,1.00,eurjpy,160.757,2024.08.29 04:07:38,160.868
124950966,2024.08.29 04:06:35,sell,1.00,xauusd,2514.34,2024.08.29 04:09:27,2513.16
124951089,2024.08.29 04:07:59,buy,1.00,eurjpy,160.838,2024.08.29 04:11:02,160.851
124951452,2024.08.29 04:10:56,sell,1.00,xauusd,2512.74,2024.08.29 08:53:54,2518.67
124951610,2024.08.29 04:13:23,buy,1.00,eurjpy,160.773,2024.08.29 04:17:36,160.785
124951658,2024.08.29 04:14:04,buy,1.00,xauusd,2513.24,2024.08.29 04:43:04,2513.45
124952107,2024.08.29 04:18:55,buy,1.00,eurjpy,160.729,2024.08.29 04:19:57,160.756
124952633,2024.08.29 04:25:37,buy,1.00,eurjpy,160.790,2024.08.29 05:33:54,160.869
124952994,2024.08.29 04:31:35,sell,1.00,eurjpy,160.849,2024.08.29 04:31:37,160.839
124953123,2024.08.29 04:33:05,sell,1.00,eurjpy,160.865,2024.08.29 04:50:25,160.949
124953754,2024.08.29 04:43:40,buy,1.00,xauusd,2512.81,2024.08.29 07:47:42,2517.75
124954406,2024.08.29 04:50:26,sell,1.00,eurjpy,160.977,2024.08.29 05:01:10,160.980
124955465,2024.08.29 05:08:17,sell,1.00,eurjpy,160.968,2024.08.29 05:17:04,160.878
124956124,2024.08.29 05:17:51,sell,1.00,eurjpy,160.862,2024.08.29 05:19:26,160.854
124956365,2024.08.29 05:23:08,sell,1.00,eurjpy,160.824,2024.08.29 05:46:34,160.806
124957111,2024.08.29 05:37:47,buy,1.00,eurjpy,160.821,2024.08.29 06:24:57,160.921
124957620,2024.08.29 05:46:39,sell,1.00,eurjpy,160.834,2024.08.29 08:00:39,161.100
124959475,2024.08.29 06:25:14,buy,1.00,eurjpy,160.892,2024.08.29 08:29:22,161.230
124964041,2024.08.29 07:48:26,buy,1.00,xauusd,2516.45,2024.08.29 08:29:17,2516.95
124964887,2024.08.29 08:00:45,sell,1.00,eurjpy,161.129,2024.08.29 08:03:53,161.160
124965694,2024.08.29 08:03:54,sell,1.00,eurjpy,161.185,2024.08.29 08:10:38,161.219
124966812,2024.08.29 08:10:38,sell,1.00,eurjpy,161.240,2024.08.29 08:43:48,161.140
124968158,2024.08.29 08:29:19,buy,1.00,xauusd,2516.48,2024.08.29 09:55:47,2518.61
124968206,2024.08.29 08:29:45,buy,1.00,eurjpy,161.201,2024.08.29 08:31:56,161.164
124968392,2024.08.29 08:32:31,buy,1.00,eurjpy,161.198,2024.08.29 09:01:25,161.066
124969087,2024.08.29 08:45:10,sell,1.00,eurjpy,161.170,2024.08.29 09:10:04,160.971
124969694,2024.08.29 08:55:16,sell,1.00,xauusd,2519.64,2024.08.29 10:58:46,2518.00
124970295,2024.08.29 09:02:50,buy,1.00,eurjpy,161.044,2024.08.29 09:07:47,161.028
124970707,2024.08.29 09:08:03,sell,1.00,gbpusd,1.32254,2024.08.29 11:05:32,1.32020
124970756,2024.08.29 09:08:46,buy,1.00,eurjpy,160.970,2024.08.29 10:03:50,161.033
124970915,2024.08.29 09:11:34,sell,1.00,eurjpy,160.959,2024.08.29 09:28:28,160.893
124971975,2024.08.29 09:28:58,sell,1.00,eurjpy,160.921,2024.08.29 09:53:09,160.848
124973669,2024.08.29 09:55:36,sell,1.00,eurjpy,160.892,2024.08.29 10:01:16,160.903
124973740,2024.08.29 09:56:11,buy,1.00,xauusd,2518.15,2024.08.29 10:01:43,2516.08
124974687,2024.08.29 10:01:20,sell,1.00,eurjpy,160.933,2024.08.29 10:12:24,160.859
124974749,2024.08.29 10:01:49,buy,1.00,xauusd,2516.48,2024.08.29 10:51:02,2515.86
124975047,2024.08.29 10:03:56,buy,1.00,eurjpy,161.004,2024.08.29 10:05:44,160.958
124975215,2024.08.29 10:05:46,buy,1.00,eurjpy,160.928,2024.08.29 10:57:16,161.090
124976090,2024.08.29 10:15:37,sell,1.00,eurjpy,160.896,2024.08.29 10:32:32,161.109
124977428,2024.08.29 10:34:43,sell,1.00,eurjpy,161.139,2024.08.29 10:48:30,161.141
124978989,2024.08.29 10:48:50,sell,1.00,eurjpy,161.123,2024.08.29 10:51:02,161.115
124979006,2024.08.29 10:49:18,buy,1.00,gbpusd,1.32199,2024.08.29 14:50:20,1.31897
124979137,2024.08.29 10:51:03,buy,1.00,xauusd,2515.38,2024.08.29 11:19:02,2519.63
124979302,2024.08.29 10:51:53,sell,1.00,eurjpy,161.097,2024.08.29 11:03:03,160.618
124979642,2024.08.29 10:57:32,buy,1.00,eurjpy,161.106,2024.08.29 11:04:44,160.528
124979916,2024.08.29 10:59:44,sell,1.00,xauusd,2518.90,2024.08.29 11:11:49,2515.89
124980855,2024.08.29 11:03:09,sell,1.00,eurjpy,160.652,2024.08.29 11:03:14,160.647
124980883,2024.08.29 11:03:16,sell,1.00,eurjpy,160.675,2024.08.29 11:05:02,160.441
124981202,2024.08.29 11:04:45,buy,1.00,eurjpy,160.486,2024.08.29 11:06:10,160.442
124981230,2024.08.29 11:04:48,buy,1.00,eurusd,1.10956,2024.08.29 11:07:41,1.10930
124981385,2024.08.29 11:05:03,sell,1.00,eurjpy,160.411,2024.08.29 11:05:12,160.385
124981446,2024.08.29 11:05:28,sell,1.00,eurjpy,160.431,2024.08.29 11:43:11,160.178
124981461,2024.08.29 11:05:33,sell,1.00,gbpusd,1.32048,2024.08.29 12:25:34,1.31919
124981540,2024.08.29 11:06:12,buy,1.00,eurjpy,160.412,2024.08.29 11:06:54,160.433
124981608,2024.08.29 11:06:58,buy,1.00,eurjpy,160.404,2024.08.29 11:07:41,160.364
124981691,2024.08.29 11:07:41,buy,1.00,eurusd,1.10905,2024.08.29 15:30:05,1.10975
124981698,2024.08.29 11:07:41,buy,1.00,eurjpy,160.337,2024.08.29 11:09:47,160.406
124981874,2024.08.29 11:09:49,buy,1.00,eurjpy,160.377,2024.08.29 11:12:57,160.372
124982091,2024.08.29 11:12:05,sell,1.00,xauusd,2516.39,2024.08.29 11:27:56,2515.30
124982302,2024.08.29 11:14:12,buy,1.00,eurjpy,160.342,2024.08.29 11:16:07,160.384
124982691,2024.08.29 11:16:27,buy,1.00,eurjpy,160.354,2024.08.29 11:16:54,160.337
124982742,2024.08.29 11:16:55,buy,1.00,eurjpy,160.312,2024.08.29 11:21:18,160.319
124982907,2024.08.29 11:19:08,buy,1.00,xauusd,2518.77,2024.08.29 11:27:01,2516.21
124983176,2024.08.29 11:22:00,buy,1.00,eurjpy,160.244,2024.08.29 11:22:09,160.223
124983279,2024.08.29 11:22:21,buy,1.00,eurjpy,160.154,2024.08.29 11:29:24,160.154
124983937,2024.08.29 11:27:11,buy,1.00,xauusd,2515.71,2024.08.29 12:07:35,2517.61
124984012,2024.08.29 11:28:19,sell,1.00,xauusd,2515.80,2024.08.29 11:29:33,2515.24
124984119,2024.08.29 11:29:42,buy,1.00,eurjpy,160.186,2024.08.29 11:54:31,160.419
124984406,2024.08.29 11:30:13,sell,1.00,xauusd,2515.89,2024.08.29 11:42:55,2516.62
124985384,2024.08.29 11:45:20,sell,1.00,eurjpy,160.206,2024.08.29 12:17:28,160.272
124985461,2024.08.29 11:47:23,sell,1.00,xauusd,2516.19,2024.08.29 11:51:54,2516.88
124985761,2024.08.29 11:53:22,sell,1.00,xauusd,2516.43,2024.08.29 12:51:46,2520.77
124985816,2024.08.29 11:54:34,buy,1.00,eurjpy,160.389,2024.08.29 11:56:06,160.404
124986206,2024.08.29 11:58:36,buy,1.00,eurjpy,160.429,2024.08.29 12:04:36,160.425
124987058,2024.08.29 12:06:28,buy,1.00,eurjpy,160.398,2024.08.29 13:07:39,160.369
124987213,2024.08.29 12:08:54,buy,1.00,xauusd,2516.49,2024.08.29 13:14:16,2523.50
124988016,2024.08.29 12:19:08,sell,1.00,eurjpy,160.302,2024.08.29 12:31:35,160.399
124988891,2024.08.29 12:31:00,sell,1.00,gbpusd,1.31967,2024.08.29 15:19:56,1.31777
124988980,2024.08.29 12:32:06,sell,1.00,eurjpy,160.429,2024.08.29 12:36:20,160.405
124989602,2024.08.29 12:38:15,sell,1.00,eurjpy,160.435,2024.08.29 12:44:08,160.404
124990028,2024.08.29 12:45:02,sell,1.00,eurjpy,160.371,2024.08.29 12:53:12,160.263
124990544,2024.08.29 12:51:47,sell,1.00,xauusd,2522.62,2024.08.29 15:31:54,2509.86
124990779,2024.08.29 12:53:17,sell,1.00,eurjpy,160.293,2024.08.29 14:12:25,160.389
124992161,2024.08.29 13:11:03,buy,1.00,eurjpy,160.339,2024.08.29 13:13:21,160.299
124992358,2024.08.29 13:14:43,buy,1.00,eurjpy,160.263,2024.08.29 13:20:48,160.259
124992494,2024.08.29 13:15:25,buy,1.00,xauusd,2522.84,2024.08.29 13:52:58,2524.20
124992846,2024.08.29 13:23:34,buy,1.00,eurjpy,160.291,2024.08.29 13:30:24,160.308
124993301,2024.08.29 13:30:43,buy,1.00,eurjpy,160.277,2024.08.29 14:14:23,160.461
124994489,2024.08.29 13:53:03,buy,1.00,xauusd,2523.72,2024.08.29 14:10:55,2522.18
124995801,2024.08.29 14:12:13,buy,1.00,xauusd,2522.61,2024.08.29 14:55:38,2519.63
124995859,2024.08.29 14:13:31,sell,1.00,eurjpy,160.441,2024.08.29 14:38:20,160.450
124996076,2024.08.29 14:16:21,buy,1.00,eurjpy,160.432,2024.08.29 14:31:34,160.391
124996909,2024.08.29 14:32:08,buy,1.00,eurjpy,160.411,2024.08.29 15:12:13,160.369
124997691,2024.08.29 14:38:58,sell,1.00,eurjpy,160.494,2024.08.29 14:48:08,160.565
124998862,2024.08.29 14:49:39,sell,1.00,eurjpy,160.535,2024.08.29 15:25:23,160.524
124998915,2024.08.29 14:50:53,buy,1.00,gbpusd,1.31867,2024.08.29 15:21:56,1.31810
124999556,2024.08.29 14:57:21,buy,1.00,xauusd,2520.10,2024.08.29 15:23:44,2515.89
125001839,2024.08.29 15:13:55,buy,1.00,eurjpy,160.399,2024.08.29 15:31:45,160.988
125002892,2024.08.29 15:20:57,sell,1.00,gbpusd,1.31806,2024.08.29 15:30:21,1.31664
125003031,2024.08.29 15:22:01,buy,1.00,gbpusd,1.31784,2024.08.29 15:30:07,1.31791
125003619,2024.08.29 15:26:23,buy,1.00,xauusd,2516.32,2024.08.29 15:30:10,2516.23
125003696,2024.08.29 15:27:00,sell,1.00,eurjpy,160.554,2024.08.29 15:30:14,160.678
125004429,2024.08.29 15:30:06,buy,1.00,eurusd,1.10954,2024.08.29 17:21:19,1.10623
125004554,2024.08.29 15:30:10,buy,1.00,xauusd,2515.73,2024.08.29 15:30:47,2511.81
125004562,2024.08.29 15:30:10,buy,1.00,gbpusd,1.31770,2024.08.29 15:30:19,1.31686
125004663,2024.08.29 15:30:14,sell,1.00,audusd,0.68132,2024.08.30 16:10:52,0.67746
125004670,2024.08.29 15:30:14,sell,1.00,eurjpy,160.722,2024.08.29 15:30:58,160.766
125004814,2024.08.29 15:30:20,buy,1.00,gbpusd,1.31656,2024.08.29 15:30:49,1.31618
125005070,2024.08.29 15:30:39,sell,1.00,gbpusd,1.31625,2024.08.29 15:31:04,1.31591
125005176,2024.08.29 15:30:47,buy,1.00,xauusd,2510.99,2024.08.29 15:35:01,2510.22
125005366,2024.08.29 15:30:59,sell,1.00,eurjpy,160.796,2024.08.29 15:31:00,160.834
125005455,2024.08.29 15:31:01,sell,1.00,eurjpy,160.880,2024.08.29 15:34:21,160.880
125005475,2024.08.29 15:31:01,buy,1.00,gbpusd,1.31575,2024.08.29 16:40:51,1.31498
125005608,2024.08.29 15:31:12,sell,1.00,gbpusd,1.31624,2024.08.30 10:44:02,1.31929
125005959,2024.08.29 15:31:54,buy,1.00,eurjpy,161.021,2024.08.29 15:48:21,161.010
125006047,2024.08.29 15:32:01,sell,1.00,xauusd,2510.40,2024.08.29 15:34:10,2511.21
125006803,2024.08.29 15:34:13,sell,1.00,xauusd,2510.92,2024.08.29 15:34:16,2510.78
125006843,2024.08.29 15:34:22,sell,1.00,xauusd,2511.29,2024.08.29 15:34:44,2511.31
125006920,2024.08.29 15:34:41,sell,1.00,eurjpy,160.909,2024.08.29 15:38:58,160.850
125006952,2024.08.29 15:34:49,sell,1.00,xauusd,2510.84,2024.08.29 15:35:32,2510.92
125007095,2024.08.29 15:35:07,buy,1.00,xauusd,2510.71,2024.08.29 15:40:02,2508.70
125007205,2024.08.29 15:35:32,sell,1.00,xauusd,2511.39,2024.08.29 15:36:04,2511.36
125007456,2024.08.29 15:36:26,sell,1.00,xauusd,2510.83,2024.08.29 15:37:00,2511.05
125007695,2024.08.29 15:37:20,sell,1.00,xauusd,2511.53,2024.08.29 15:42:02,2506.02
125008141,2024.08.29 15:39:26,sell,1.00,eurjpy,160.820,2024.08.29 15:47:37,160.988
125008396,2024.08.29 15:40:04,buy,1.00,xauusd,2507.96,2024.08.29 15:43:36,2506.75
125009108,2024.08.29 15:42:07,sell,1.00,xauusd,2506.52,2024.08.29 15:52:02,2507.04
125009505,2024.08.29 15:43:38,buy,1.00,xauusd,2506.29,2024.08.29 15:43:55,2505.59
125009650,2024.08.29 15:43:57,buy,1.00,xauusd,2504.97,2024.08.29 15:47:20,2505.16
125010854,2024.08.29 15:47:21,buy,1.00,xauusd,2504.69,2024.08.29 15:49:24,2505.51
125011137,2024.08.29 15:48:09,sell,1.00,eurjpy,161.013,2024.08.29 15:52:26,160.987
125011187,2024.08.29 15:48:23,buy,1.00,eurjpy,160.981,2024.08.29 15:59:01,161.179
125011424,2024.08.29 15:49:30,buy,1.00,xauusd,2505.04,2024.08.29 15:50:07,2505.35
125011542,2024.08.29 15:50:10,buy,1.00,xauusd,2505.48,2024.08.29 15:52:05,2507.54
125011932,2024.08.29 15:52:04,sell,1.00,xauusd,2507.56,2024.08.29 15:54:27,2508.21
125012009,2024.08.29 15:52:40,buy,1.00,xauusd,2507.05,2024.08.29 15:53:30,2507.17
125012017,2024.08.29 15:52:41,sell,1.00,eurjpy,161.016,2024.08.29 15:53:12,161.074
125012119,2024.08.29 15:53:20,sell,1.00,eurjpy,161.044,2024.08.29 15:55:25,161.100
125012142,2024.08.29 15:53:34,buy,1.00,xauusd,2506.74,2024.08.29 15:55:09,2509.15
125012281,2024.08.29 15:54:41,sell,1.00,xauusd,2509.14,2024.08.29 16:02:20,2509.36
125012428,2024.08.29 15:55:17,buy,1.00,xauusd,2508.50,2024.08.29 15:55:59,2508.75
125012565,2024.08.29 15:56:39,buy,1.00,xauusd,2508.25,2024.08.29 15:57:31,2508.40
125012620,2024.08.29 15:56:55,sell,1.00,eurjpy,161.159,2024.08.29 16:02:40,161.148
125012719,2024.08.29 15:57:58,buy,1.00,xauusd,2508.00,2024.08.29 16:00:01,2509.82
125012877,2024.08.29 15:59:13,buy,1.00,eurjpy,161.150,2024.08.29 16:05:17,161.245
125013216,2024.08.29 16:00:01,buy,1.00,xauusd,2509.33,2024.08.29 16:01:03,2510.18
125013581,2024.08.29 16:01:04,buy,1.00,xauusd,2509.63,2024.08.29 16:03:17,2510.97
125013766,2024.08.29 16:02:50,sell,1.00,eurjpy,161.177,2024.08.29 16:03:17,161.179
125013778,2024.08.29 16:02:54,sell,1.00,xauusd,2510.31,2024.08.29 16:41:17,2512.71
125013900,2024.08.29 16:03:42,sell,1.00,eurjpy,161.214,2024.08.29 16:09:14,161.181
125013951,2024.08.29 16:04:04,buy,1.00,xauusd,2510.20,2024.08.29 16:05:00,2510.15
125014207,2024.08.29 16:05:10,buy,1.00,xauusd,2509.64,2024.08.29 16:05:34,2509.25
125014229,2024.08.29 16:05:36,buy,1.00,eurjpy,161.216,2024.08.29 16:07:27,161.234
125014323,2024.08.29 16:06:13,buy,1.00,xauusd,2508.51,2024.08.29 16:10:02,2511.06
125014527,2024.08.29 16:07:39,buy,1.00,eurjpy,161.206,2024.08.29 16:24:39,161.199
125014792,2024.08.29 16:09:35,sell,1.00,eurjpy,161.210,2024.08.29 16:25:21,161.163
125014917,2024.08.29 16:10:24,buy,1.00,xauusd,2510.56,2024.08.29 16:18:29,2514.19
125016442,2024.08.29 16:18:34,buy,1.00,xauusd,2513.50,2024.08.29 16:21:29,2514.13
125016970,2024.08.29 16:21:51,buy,1.00,xauusd,2513.64,2024.08.29 16:23:29,2510.69
125017397,2024.08.29 16:24:25,buy,1.00,xauusd,2510.19,2024.08.29 16:28:19,2512.05
125017524,2024.08.29 16:25:13,buy,1.00,eurjpy,161.171,2024.08.29 16:32:23,161.063
125017559,2024.08.29 16:25:27,sell,1.00,eurjpy,161.193,2024.08.29 16:33:31,161.073
125018056,2024.08.29 16:28:46,buy,1.00,xauusd,2511.30,2024.08.29 16:29:49,2510.72
125018684,2024.08.29 16:30:11,buy,1.00,xauusd,2511.16,2024.08.29 16:32:41,2514.21
125019801,2024.08.29 16:32:32,buy,1.00,eurjpy,161.036,2024.08.29 16:43:22,161.008
125019883,2024.08.29 16:32:43,buy,1.00,xauusd,2513.62,2024.08.29 16:33:42,2513.74
125020208,2024.08.29 16:33:31,sell,1.00,eurjpy,161.097,2024.08.29 16:48:36,161.107
125020436,2024.08.29 16:34:07,buy,1.00,xauusd,2513.02,2024.08.29 16:34:44,2511.82
125020862,2024.08.29 16:35:00,buy,1.00,xauusd,2512.45,2024.08.29 16:47:11,2514.85
125023559,2024.08.29 16:41:22,buy,1.00,gbpusd,1.31468,2024.08.29 17:15:12,1.31617
125023640,2024.08.29 16:41:38,sell,1.00,xauusd,2513.23,2024.08.29 16:48:38,2514.57
125024353,2024.08.29 16:43:23,buy,1.00,eurjpy,160.979,2024.08.29 19:18:44,160.744
125025865,2024.08.29 16:47:13,buy,1.00,xauusd,2514.36,2024.08.29 17:03:20,2519.42
125026324,2024.08.29 16:48:56,sell,1.00,xauusd,2514.10,2024.08.29 16:52:21,2516.07
125026492,2024.08.29 16:49:43,sell,1.00,eurjpy,161.137,2024.08.29 16:55:53,161.073
125027296,2024.08.29 16:52:21,sell,1.00,xauusd,2516.75,2024.08.29 16:52:36,2516.66
125027480,2024.08.29 16:52:49,sell,1.00,xauusd,2517.14,2024.08.29 16:55:52,2517.77
125028542,2024.08.29 16:56:04,sell,1.00,xauusd,2519.05,2024.08.29 16:57:48,2517.83
125028663,2024.08.29 16:56:23,sell,1.00,eurjpy,161.056,2024.08.29 17:00:00,161.092
125029067,2024.08.29 16:58:13,sell,1.00,xauusd,2517.42,2024.08.29 17:09:14,2518.22
125029904,2024.08.29 17:00:10,sell,1.00,eurjpy,161.061,2024.08.29 17:09:43,160.808
125030990,2024.08.29 17:03:41,buy,1.00,xauusd,2518.99,2024.08.29 17:04:47,2518.80
125031438,2024.08.29 17:05:09,buy,1.00,xauusd,2518.35,2024.08.29 17:08:14,2518.70
125032537,2024.08.29 17:08:23,buy,1.00,xauusd,2517.81,2024.08.29 17:10:11,2519.77
125032880,2024.08.29 17:09:22,sell,1.00,xauusd,2519.06,2024.08.29 17:09:55,2518.82
125033030,2024.08.29 17:09:56,sell,1.00,xauusd,2519.32,2024.08.29 17:23:43,2516.72
125033164,2024.08.29 17:10:08,sell,1.00,eurjpy,160.838,2024.08.29 17:43:33,160.986
125033199,2024.08.29 17:10:11,buy,1.00,xauusd,2519.33,2024.08.29 17:13:03,2520.64
125034310,2024.08.29 17:13:03,buy,1.00,xauusd,2520.16,2024.08.29 17:14:19,2520.35
125035439,2024.08.29 17:15:16,buy,1.00,gbpusd,1.31587,2024.08.29 20:02:04,1.31840
125035474,2024.08.29 17:15:20,buy,1.00,xauusd,2519.67,2024.08.29 17:16:05,2519.26
125035830,2024.08.29 17:16:15,buy,1.00,xauusd,2518.76,2024.08.29 17:16:45,2519.24
125036118,2024.08.29 17:16:56,buy,1.00,xauusd,2518.39,2024.08.29 17:17:39,2517.70
125036488,2024.08.29 17:17:42,buy,1.00,xauusd,2517.07,2024.08.29 17:19:13,2516.77
125037154,2024.08.29 17:19:27,buy,1.00,xauusd,2516.39,2024.08.29 17:20:11,2515.95
125037531,2024.08.29 17:20:14,buy,1.00,xauusd,2515.42,2024.08.29 17:20:43,2515.33
125037785,2024.08.29 17:20:54,buy,1.00,xauusd,2514.78,2024.08.29 17:25:18,2517.53
125037949,2024.08.29 17:21:21,buy,1.00,eurusd,1.10601,2024.08.29 20:02:04,1.10827
125038869,2024.08.29 17:24:07,sell,1.00,xauusd,2517.20,2024.08.29 17:24:10,2517.22
125039012,2024.08.29 17:24:24,sell,1.00,xauusd,2517.70,2024.08.29 17:50:55,2521.14
125039595,2024.08.29 17:26:03,buy,1.00,xauusd,2517.99,2024.08.29 17:46:10,2520.05
125045450,2024.08.29 17:43:35,sell,1.00,eurjpy,161.027,2024.08.29 20:35:06,160.581
125046212,2024.08.29 17:46:11,buy,1.00,xauusd,2519.68,2024.08.29 18:15:00,2523.69
125047153,2024.08.29 17:50:57,sell,1.00,xauusd,2521.61,2024.08.29 18:02:00,2521.59
125049974,2024.08.29 18:02:15,sell,1.00,xauusd,2522.05,2024.08.29 18:06:18,2522.52
125050709,2024.08.29 18:06:19,sell,1.00,xauusd,2522.99,2024.08.29 18:09:07,2524.14
125051259,2024.08.29 18:09:10,sell,1.00,xauusd,2525.31,2024.08.29 19:17:19,2521.09
125052300,2024.08.29 18:15:00,buy,1.00,xauusd,2523.19,2024.08.29 18:20:59,2521.19
125053229,2024.08.29 18:21:00,buy,1.00,xauusd,2520.64,2024.08.29 19:10:08,2518.25
125060056,2024.08.29 19:10:13,buy,1.00,xauusd,2517.73,2024.08.29 20:02:04,2526.21
125061138,2024.08.29 19:17:29,sell,1.00,xauusd,2521.58,2024.08.29 19:55:05,2525.51
125061474,2024.08.29 19:20:30,buy,1.00,eurjpy,160.714,2024.08.30 02:02:14,160.565
125064794,2024.08.29 19:55:27,sell,1.00,xauusd,2526.25,2024.08.29 20:00:00,2525.39
125065643,2024.08.29 20:01:12,sell,1.00,xauusd,2526.01,2024.08.30 05:40:35,2517.50
125065713,2024.08.29 20:02:05,buy,1.00,xauusd,2525.75,2024.08.29 21:54:08,2522.14
125065908,2024.08.29 20:05:09,buy,1.00,gbpusd,1.31850,2024.08.29 20:24:54,1.31827
125066604,2024.08.29 20:12:06,buy,1.00,eurusd,1.10812,,
125068456,2024.08.29 20:30:38,buy,1.00,gbpusd,1.31858,2024.08.29 21:05:26,1.31831
125069239,2024.08.29 20:40:58,sell,1.00,eurjpy,160.548,2024.08.30 01:18:39,160.475
125072556,2024.08.29 21:10:43,buy,1.00,gbpusd,1.31792,2024.08.30 12:16:55,1.31848
125077623,2024.08.29 21:55:27,buy,1.00,xauusd,2522.55,2024.08.30 06:39:45,2513.66
125086659,2024.08.30 01:18:53,sell,1.00,eurjpy,160.505,2024.08.30 01:24:18,160.512
125086836,2024.08.30 01:26:49,sell,1.00,eurjpy,160.542,2024.08.30 01:37:03,160.586
125087391,2024.08.30 01:47:03,sell,1.00,eurjpy,160.583,2024.08.30 02:25:54,160.653
125087860,2024.08.30 02:04:46,buy,1.00,eurjpy,160.518,2024.08.30 02:35:49,160.694
125088291,2024.08.30 02:29:36,sell,1.00,eurjpy,160.681,2024.08.30 02:30:22,160.584
125088378,2024.08.30 02:30:36,sell,1.00,eurjpy,160.626,2024.08.30 02:34:09,160.587
125088421,2024.08.30 02:34:43,sell,1.00,eurjpy,160.629,2024.08.30 02:36:06,160.670
125088468,2024.08.30 02:36:01,buy,1.00,eurjpy,160.664,2024.08.30 03:02:46,160.501
125088520,2024.08.30 02:39:45,sell,1.00,eurjpy,160.699,2024.08.30 02:40:03,160.706
125088617,2024.08.30 02:42:24,sell,1.00,eurjpy,160.676,2024.08.30 02:42:52,160.684
125088782,2024.08.30 02:45:30,sell,1.00,eurjpy,160.652,2024.08.30 03:29:17,160.495
125089442,2024.08.30 03:03:07,buy,1.00,eurjpy,160.448,2024.08.30 03:05:47,160.464
125089563,2024.08.30 03:06:06,buy,1.00,eurjpy,160.420,2024.08.30 03:07:02,160.424
125089674,2024.08.30 03:08:43,buy,1.00,eurjpy,160.455,2024.08.30 03:24:11,160.534
125090112,2024.08.30 03:25:32,buy,1.00,eurjpy,160.507,2024.08.30 03:31:23,160.533
125090315,2024.08.30 03:30:32,sell,1.00,eurjpy,160.551,2024.08.30 03:33:10,160.516
125090339,2024.08.30 03:31:30,buy,1.00,eurjpy,160.503,2024.08.30 03:59:16,160.378
125090453,2024.08.30 03:34:58,sell,1.00,eurjpy,160.485,2024.08.30 04:46:39,160.437
125092036,2024.08.30 04:03:39,buy,1.00,eurjpy,160.354,2024.08.30 04:24:39,160.484
125093560,2024.08.30 04:27:14,buy,1.00,eurjpy,160.443,2024.08.30 04:29:25,160.443
125093778,2024.08.30 04:30:04,buy,1.00,audusd,0.67944,,
125093840,2024.08.30 04:30:41,buy,1.00,eurjpy,160.413,2024.08.30 04:42:59,160.466
125094562,2024.08.30 04:43:08,buy,1.00,eurjpy,160.436,2024.08.30 08:17:47,160.407
125094868,2024.08.30 04:48:26,sell,1.00,eurjpy,160.407,2024.08.30 04:49:42,160.389
125094993,2024.08.30 04:50:30,sell,1.00,eurjpy,160.412,2024.08.30 05:25:36,160.318
125097045,2024.08.30 05:30:28,sell,1.00,eurjpy,160.287,2024.08.30 08:48:09,160.488
125097372,2024.08.30 05:41:09,sell,1.00,xauusd,2517.07,2024.08.30 08:45:53,2513.82
125100273,2024.08.30 06:39:45,buy,1.00,xauusd,2513.26,2024.08.30 09:16:46,2516.50
125104716,2024.08.30 08:27:47,buy,1.00,eurjpy,160.392,2024.08.30 09:47:13,160.737
125105838,2024.08.30 08:46:09,sell,1.00,xauusd,2514.29,2024.08.30 10:52:30,2520.55
125106030,2024.08.30 08:50:04,sell,1.00,eurjpy,160.518,2024.08.30 09:01:42,160.488
125106782,2024.08.30 09:02:03,sell,1.00,eurjpy,160.517,2024.08.30 09:45:06,160.749
125107948,2024.08.30 09:17:24,buy,1.00,xauusd,2516.91,2024.08.30 09:28:07,2524.05
125109207,2024.08.30 09:28:13,buy,1.00,xauusd,2523.56,2024.08.30 09:28:18,2523.68
125109228,2024.08.30 09:28:20,buy,1.00,xauusd,2523.15,2024.08.30 09:46:25,2519.33
125111053,2024.08.30 09:45:07,sell,1.00,eurjpy,160.777,2024.08.30 09:50:32,160.713
125111229,2024.08.30 09:46:26,buy,1.00,xauusd,2518.83,2024.08.30 09:46:32,2518.90
125111288,2024.08.30 09:46:35,buy,1.00,xauusd,2518.33,2024.08.30 09:46:39,2518.21
125111328,2024.08.30 09:46:39,buy,1.00,xauusd,2517.69,2024.08.30 09:46:45,2518.16
125111379,2024.08.30 09:46:46,buy,1.00,xauusd,2517.68,2024.08.30 09:48:04,2518.36
125111500,2024.08.30 09:47:44,buy,1.00,eurjpy,160.714,2024.08.30 09:56:40,160.698
125111542,2024.08.30 09:48:07,buy,1.00,xauusd,2517.81,2024.08.30 12:23:10,2524.55
125111763,2024.08.30 09:51:50,sell,1.00,eurjpy,160.683,2024.08.30 10:04:14,160.672
125111987,2024.08.30 09:56:41,buy,1.00,eurjpy,160.672,2024.08.30 11:10:42,160.676
125112919,2024.08.30 10:04:41,sell,1.00,eurjpy,160.702,2024.08.30 11:57:41,160.730
125116390,2024.08.30 10:44:03,sell,1.00,gbpusd,1.31958,2024.08.30 16:10:41,1.31310
125117308,2024.08.30 10:56:45,sell,1.00,xauusd,2520.14,2024.08.30 11:10:46,2522.78
125118658,2024.08.30 11:14:21,sell,1.00,xauusd,2523.28,2024.08.30 12:40:40,2525.55
125119250,2024.08.30 11:19:03,buy,1.00,eurjpy,160.706,2024.08.30 12:18:33,160.771
125123397,2024.08.30 12:00:03,sell,1.00,eurjpy,160.760,2024.08.30 15:32:02,161.138
125126026,2024.08.30 12:21:08,buy,1.00,eurjpy,160.803,2024.08.30 15:42:40,161.137
125126277,2024.08.30 12:23:41,buy,1.00,xauusd,2524.05,2024.08.30 13:40:44,2517.52
125126485,2024.08.30 12:26:31,buy,1.00,gbpusd,1.31878,2024.08.30 16:04:33,1.31398
125127694,2024.08.30 12:45:43,sell,1.00,xauusd,2524.97,2024.08.30 14:05:40,2517.72
125132365,2024.08.30 13:40:52,buy,1.00,xauusd,2517.98,2024.08.30 13:41:24,2518.18
125132468,2024.08.30 13:41:31,buy,1.00,xauusd,2517.56,2024.08.30 13:59:58,2515.80
125134298,2024.08.30 13:59:59,buy,1.00,xauusd,2515.37,2024.08.30 14:08:05,2518.53
125134936,2024.08.30 14:06:33,sell,1.00,xauusd,2518.21,2024.08.30 14:26:58,2520.56
125135056,2024.08.30 14:09:27,buy,1.00,xauusd,2518.94,2024.08.30 15:39:48,2521.97
125135932,2024.08.30 14:27:50,sell,1.00,xauusd,2521.27,2024.08.30 15:06:01,2518.64
125138435,2024.08.30 15:06:09,sell,1.00,xauusd,2519.30,2024.08.30 15:29:15,2524.17
125141284,2024.08.30 15:29:55,sell,1.00,xauusd,2523.48,2024.08.30 15:34:33,2520.71
125141648,2024.08.30 15:30:29,sell,1.00,usdcad,1.34653,2024.08.30 21:56:44,1.34909
125141968,2024.08.30 15:32:04,sell,1.00,eurjpy,161.178,2024.08.30 15:35:04,161.223
125142365,2024.08.30 15:34:57,sell,1.00,xauusd,2520.19,2024.08.30 15:35:04,2519.53
125142512,2024.08.30 15:35:05,sell,1.00,xauusd,2519.84,2024.08.30 15:38:22,2519.77
125142533,2024.08.30 15:35:07,sell,1.00,eurjpy,161.187,2024.08.30 15:35:35,161.179
125142765,2024.08.30 15:35:36,sell,1.00,eurjpy,161.201,2024.08.30 15:44:35,161.174
125143415,2024.08.30 15:38:46,sell,1.00,xauusd,2520.25,2024.08.30 15:44:30,2517.57
125143687,2024.08.30 15:39:54,buy,1.00,xauusd,2521.60,2024.08.30 15:56:29,2519.50
125144110,2024.08.30 15:43:04,buy,1.00,eurjpy,161.169,2024.08.30 16:10:53,160.941
125144546,2024.08.30 15:44:41,sell,1.00,xauusd,2517.00,2024.08.30 15:45:30,2517.91
125144630,2024.08.30 15:44:54,sell,1.00,eurjpy,161.224,2024.08.30 15:54:16,161.161
125145123,2024.08.30 15:45:48,sell,1.00,xauusd,2518.36,2024.08.30 15:55:37,2519.19
125146405,2024.08.30 15:55:02,sell,1.00,eurjpy,161.203,2024.08.30 16:39:01,161.106
125146451,2024.08.30 15:55:38,sell,1.00,xauusd,2519.61,2024.08.30 16:10:41,2515.22
125146558,2024.08.30 15:56:35,buy,1.00,xauusd,2519.94,2024.08.30 15:57:31,2520.46
125146661,2024.08.30 15:57:31,buy,1.00,xauusd,2519.96,2024.08.30 16:00:00,2519.91
125147338,2024.08.30 16:00:10,buy,1.00,xauusd,2518.90,2024.08.30 16:10:41,2515.09
125148128,2024.08.30 16:04:38,buy,1.00,gbpusd,1.31369,2024.08.30 16:18:05,1.31387
125149234,2024.08.30 16:10:49,sell,1.00,xauusd,2514.83,2024.08.30 16:10:50,2514.53
125149260,2024.08.30 16:10:50,buy,1.00,xauusd,2514.54,2024.08.30 16:15:10,2514.48
125149304,2024.08.30 16:10:52,sell,1.00,xauusd,2514.15,2024.08.30 16:10:52,2514.39
125149321,2024.08.30 16:10:53,sell,1.00,xauusd,2515.15,2024.08.30 16:10:53,2515.13
125149337,2024.08.30 16:10:55,sell,1.00,xauusd,2515.99,2024.08.30 16:13:03,2515.99
125149350,2024.08.30 16:10:57,sell,1.00,gbpusd,1.31341,2024.08.30 17:48:28,1.31472
125149355,2024.08.30 16:10:57,sell,1.00,eurusd,1.10574,2024.08.30 16:48:36,1.10667
125149446,2024.08.30 16:11:33,sell,1.00,audusd,0.67773,,
125149482,2024.08.30 16:11:42,buy,1.00,usdcad,1.35050,,
125149501,2024.08.30 16:11:49,buy,1.00,eurjpy,160.973,2024.08.30 16:15:09,160.960
125149727,2024.08.30 16:13:08,sell,1.00,xauusd,2516.46,2024.08.30 16:31:29,2513.89
125150419,2024.08.30 16:15:13,buy,1.00,xauusd,2513.79,2024.08.30 16:30:00,2515.37
125150595,2024.08.30 16:16:03,buy,1.00,eurjpy,160.931,2024.08.30 16:33:01,161.029
125151012,2024.08.30 16:19:06,buy,1.00,gbpusd,1.31418,2024.08.30 17:45:11,1.31522
125152156,2024.08.30 16:30:00,buy,1.00,xauusd,2515.03,2024.08.30 16:30:44,2513.98
125152660,2024.08.30 16:30:52,buy,1.00,xauusd,2513.47,2024.08.30 17:04:16,2514.91
125152866,2024.08.30 16:31:35,sell,1.00,xauusd,2514.36,2024.08.30 16:33:01,2514.71
125153327,2024.08.30 16:33:21,sell,1.00,xauusd,2515.96,2024.08.30 16:48:36,2516.51
125153428,2024.08.30 16:33:50,buy,1.00,eurjpy,160.999,2024.08.30 16:47:56,161.136
125154260,2024.08.30 16:39:06,sell,1.00,eurjpy,161.134,2024.08.30 16:48:36,161.172
125155927,2024.08.30 16:48:14,buy,1.00,eurjpy,161.169,2024.08.30 16:58:26,161.272
125155997,2024.08.30 16:48:37,sell,1.00,eurjpy,161.200,2024.08.30 17:36:12,161.197
125156041,2024.08.30 16:48:48,sell,1.00,eurusd,1.10692,,
125156114,2024.08.30 16:49:04,sell,1.00,xauusd,2516.31,2024.08.30 16:59:02,2516.07
125159881,2024.08.30 16:59:44,sell,1.00,xauusd,2515.67,2024.08.30 17:04:55,2513.43
125160156,2024.08.30 17:00:01,buy,1.00,eurjpy,161.226,2024.08.30 17:00:15,161.204
125160712,2024.08.30 17:00:31,buy,1.00,eurjpy,161.241,2024.08.30 17:13:50,160.987
125161774,2024.08.30 17:04:23,buy,1.00,xauusd,2513.72,2024.08.30 17:08:26,2518.38
125162025,2024.08.30 17:05:07,sell,1.00,xauusd,2511.76,2024.08.30 17:06:28,2515.95
125162479,2024.08.30 17:06:31,sell,1.00,xauusd,2516.45,2024.08.30 17:08:07,2517.43
125162830,2024.08.30 17:08:12,sell,1.00,xauusd,2517.87,2024.08.30 17:18:00,2516.31
125162998,2024.08.30 17:09:02,buy,1.00,xauusd,2517.60,2024.08.30 17:28:57,2512.17
125164108,2024.08.30 17:14:12,buy,1.00,eurjpy,160.942,2024.08.30 17:16:29,160.971
125165259,2024.08.30 17:17:36,buy,1.00,eurjpy,161.001,2024.08.30 17:46:59,161.104
125165448,2024.08.30 17:18:13,sell,1.00,xauusd,2517.04,2024.08.30 17:30:26,2508.38
125168906,2024.08.30 17:28:57,buy,1.00,xauusd,2511.76,2024.08.30 17:29:08,2510.89
125169099,2024.08.30 17:29:12,buy,1.00,xauusd,2511.34,2024.08.30 17:31:10,2509.88
125169805,2024.08.30 17:30:26,sell,1.00,xauusd,2508.77,2024.08.30 17:37:34,2507.98
125170104,2024.08.30 17:31:11,buy,1.00,xauusd,2509.40,2024.08.30 17:31:26,2509.62
125170204,2024.08.30 17:31:33,buy,1.00,xauusd,2510.06,2024.08.30 17:31:39,2510.03
125170247,2024.08.30 17:31:42,buy,1.00,xauusd,2509.38,2024.08.30 17:32:41,2511.26
125170629,2024.08.30 17:32:47,buy,1.00,xauusd,2510.76,2024.08.30 17:33:01,2510.42
125170889,2024.08.30 17:33:36,buy,1.00,xauusd,2509.92,2024.08.30 17:34:56,2509.59
125171322,2024.08.30 17:34:57,buy,1.00,xauusd,2509.17,2024.08.30 17:36:04,2510.08
125171742,2024.08.30 17:36:07,buy,1.00,xauusd,2509.59,2024.08.30 17:36:33,2507.98
125171890,2024.08.30 17:36:24,sell,1.00,eurjpy,161.184,2024.08.30 17:48:39,161.196
125171985,2024.08.30 17:36:34,buy,1.00,xauusd,2507.45,2024.08.30 17:39:02,2509.56
125172395,2024.08.30 17:37:36,sell,1.00,xauusd,2508.48,2024.08.30 17:42:39,2510.62
125172896,2024.08.30 17:39:15,buy,1.00,xauusd,2509.98,2024.08.30 17:40:12,2510.08
125173223,2024.08.30 17:40:17,buy,1.00,xauusd,2510.48,2024.08.30 17:50:04,2513.58
125174198,2024.08.30 17:43:16,sell,1.00,xauusd,2511.07,2024.08.30 17:48:28,2511.98
125175014,2024.08.30 17:45:12,buy,1.00,gbpusd,1.31499,2024.08.30 18:20:08,1.31344
125175460,2024.08.30 17:47:02,buy,1.00,eurjpy,161.074,2024.08.30 17:47:09,161.106
125175527,2024.08.30 17:47:17,buy,1.00,eurjpy,161.078,2024.08.30 17:48:28,161.225
125175788,2024.08.30 17:48:38,sell,1.00,gbpusd,1.31502,,
125175794,2024.08.30 17:48:39,buy,1.00,eurjpy,161.195,2024.08.30 17:51:25,161.256
125175798,2024.08.30 17:48:40,sell,1.00,eurjpy,161.226,2024.08.30 17:54:05,161.145
125175990,2024.08.30 17:49:32,sell,1.00,xauusd,2513.33,2024.08.30 18:05:25,2505.17
125176161,2024.08.30 17:50:09,buy,1.00,xauusd,2513.99,2024.08.30 17:55:00,2512.69
125176472,2024.08.30 17:51:28,buy,1.00,eurjpy,161.233,2024.08.30 18:13:24,161.249
125177070,2024.08.30 17:54:37,sell,1.00,eurjpy,161.171,2024.08.30 17:57:37,161.216
125177253,2024.08.30 17:55:22,buy,1.00,xauusd,2513.20,2024.08.30 17:57:13,2511.36
125177793,2024.08.30 17:57:38,buy,1.00,xauusd,2510.86,2024.08.30 17:59:22,2509.25
125177881,2024.08.30 17:57:50,sell,1.00,eurjpy,161.185,2024.08.30 18:09:36,161.317
125178468,2024.08.30 18:00:00,buy,1.00,xauusd,2508.85,2024.08.30 18:05:01,2507.11
125179783,2024.08.30 18:05:05,buy,1.00,xauusd,2505.63,2024.08.30 18:06:29,2504.23
125179897,2024.08.30 18:05:26,sell,1.00,xauusd,2505.66,2024.08.30 18:24:21,2505.68
125180213,2024.08.30 18:06:30,buy,1.00,xauusd,2503.86,2024.08.30 18:08:10,2505.59
125180656,2024.08.30 18:08:12,buy,1.00,xauusd,2505.12,2024.08.30 18:18:37,2504.44
125181402,2024.08.30 18:11:19,sell,1.00,eurjpy,161.287,2024.08.30 18:46:10,161.260
125182140,2024.08.30 18:14:21,buy,1.00,eurjpy,161.220,2024.08.30 18:34:19,161.337
125183506,2024.08.30 18:19:12,buy,1.00,xauusd,2505.01,2024.08.30 18:28:58,2505.03
125184593,2024.08.30 18:24:36,sell,1.00,xauusd,2505.27,2024.08.30 18:28:08,2505.21
125184958,2024.08.30 18:26:10,buy,1.00,gbpusd,1.31374,,
125185462,2024.08.30 18:28:24,sell,1.00,xauusd,2504.79,2024.08.30 20:09:17,2497.55
125185680,2024.08.30 18:29:20,buy,1.00,xauusd,2505.24,2024.08.30 18:31:45,2502.89
125186619,2024.08.30 18:31:52,buy,1.00,xauusd,2502.63,2024.08.30 18:32:16,2502.50
125186783,2024.08.30 18:32:19,buy,1.00,xauusd,2502.90,2024.08.30 18:32:47,2502.96
125186986,2024.08.30 18:33:00,buy,1.00,xauusd,2503.53,2024.08.30 18:37:29,2504.59
125187340,2024.08.30 18:34:27,buy,1.00,eurjpy,161.308,2024.08.30 19:28:02,161.376
125187958,2024.08.30 18:37:37,buy,1.00,xauusd,2504.10,2024.08.30 18:45:59,2505.14
125189719,2024.08.30 18:46:01,buy,1.00,xauusd,2504.50,2024.08.30 18:46:24,2504.65
125189783,2024.08.30 18:46:19,sell,1.00,eurjpy,161.290,2024.08.30 20:03:03,161.602
125189907,2024.08.30 18:46:44,buy,1.00,xauusd,2503.84,2024.08.30 18:49:55,2502.90
125190779,2024.08.30 18:49:55,buy,1.00,xauusd,2502.33,2024.08.30 18:51:31,2502.11
125191144,2024.08.30 18:51:31,buy,1.00,xauusd,2501.61,2024.08.30 18:52:44,2501.85
125191582,2024.08.30 18:53:03,buy,1.00,xauusd,2502.29,2024.08.30 18:54:04,2502.12
125191862,2024.08.30 18:54:21,buy,1.00,xauusd,2502.53,2024.08.30 18:59:56,2503.20
125193186,2024.08.30 19:00:02,buy,1.00,xauusd,2502.19,2024.08.30 19:09:51,2503.43
125195275,2024.08.30 19:10:42,buy,1.00,xauusd,2503.88,2024.08.30 19:17:10,2505.18
125196499,2024.08.30 19:17:21,buy,1.00,xauusd,2504.39,2024.08.30 19:25:07,2502.85
125198063,2024.08.30 19:25:14,buy,1.00,xauusd,2502.37,2024.08.30 19:40:33,2499.09
125199754,2024.08.30 19:31:04,buy,1.00,eurjpy,161.392,,
125201810,2024.08.30 19:40:38,buy,1.00,xauusd,2498.59,2024.08.30 19:54:26,2499.70
125203762,2024.08.30 19:54:29,buy,1.00,xauusd,2500.12,2024.08.30 20:00:08,2496.98
125204900,2024.08.30 20:00:11,buy,1.00,xauusd,2496.47,2024.08.30 20:01:29,2495.88
125205124,2024.08.30 20:01:30,buy,1.00,xauusd,2496.63,2024.08.30 20:29:06,2494.95
125205391,2024.08.30 20:03:04,sell,1.00,eurjpy,161.631,,
125206184,2024.08.30 20:09:49,sell,1.00,xauusd,2498.05,2024.08.30 20:14:42,2497.42
125206846,2024.08.30 20:15:04,sell,1.00,xauusd,2497.02,2024.08.30 21:27:14,2503.72
125208426,2024.08.30 20:29:07,buy,1.00,xauusd,2494.43,2024.08.30 21:40:36,2504.26
125217978,2024.08.30 21:29:41,sell,1.00,xauusd,2503.26,,
125219195,2024.08.30 21:40:36,buy,1.00,xauusd,2503.76,2024.08.30 22:14:05,2498.99
125221379,2024.08.30 21:58:56,sell,1.00,usdcad,1.34879,,
125223322,2024.08.30 22:14:07,buy,1.00,xauusd,2498.52,,
